Trait	X_ID	s2	ML_logLik	cage.ML	beta.1	beta.2	REML_logLik	cage.REML	F.1	n_steps	Df_X	p_value_REML
y	1_43293781	0.0457882961872763	5.94285980518176	0	1.00405033492243	-0.325350123499999	4.69701010931022	0	36.0401376181827	1	1	5.63293294767437e-07
y	10_6420646	0.0454797272610077	6.07809669991108	0	1.14459604544758	-0.412334395506398	4.82548515930308	0	36.5424820063655	1	1	4.93789488364231e-07
