Trait	X_ID	s2	ML_logLik	cage.ML	beta.1	beta.2	REML_logLik	cage.REML	F.1	n_steps	Df_X	p_value_REML
y	1_41965255	0.046051696068122	5.82813827849701	0	0.855384812375361	-0.29175823346748	4.58802465895972	0	34.9777900451703	1	1	7.46511973563841e-07
y	1_42076205	0.0456539686540721	6.0016193427152	0	0.843108612928328	-0.272008515394767	4.75283166996699	0	35.613556629619	1	1	6.30408194491953e-07
y	1_57403198	0.0455676337933573	6.03947655380383	0	0.849474997984376	-0.252269458703126	4.78879602050119	0	35.7530287862636	1	1	6.07582650819712e-07
y	1_57462406	0.0445851156226332	6.47542868137902	0	0.922718760486306	-0.277173653046099	5.20295054169762	0	37.3783176279874	1	1	3.97437891917332e-07
y	1_57462411	0.0450292555890037	6.27718208458259	0	0.919341826424872	-0.277166804892157	5.01461627474101	0	36.6348337968994	1	1	4.82027026519531e-07
y	17_88049305	0.0458295753331091	5.92483749231157	0	0.795249728481223	-0.308917038437263	4.67988891208355	0	35.3314891629698	1	1	6.79377274765873e-07
