Trait	X_ID	s2	ML_logLik	cage.ML	beta.1	beta.2	REML_logLik	cage.REML	F.1	n_steps	Df_X	p_value_REML
y	1_41987245	0.0420086821636887	7.66590383714337	0	0.821146720965114	-0.277806675738319	6.33390193967375	0	36.2113335469533	1	1	5.38515346119492e-07
y	1_43293781	0.0413922897131155	7.96153764574622	0	0.984494370342476	-0.314767874157895	6.61475405784646	0	37.3164501293494	1	1	4.03840275928462e-07
y	2_171109438	0.0421580923806743	7.5948970177725	0	0.146627514383124	0.242482538169738	6.26644546127143	0	35.9483251701054	1	1	5.77074031967201e-07
y	7_29506084	0.0412758187571555	8.01789361429566	0	1.37919025356072	-0.498951631285718	6.66829222796843	0	37.5289759909853	1	1	3.82290187183519e-07
y	17_88049305	0.0427055336285626	7.33686003894932	0	0.779392627483145	-0.296801746081749	6.02131033138941	0	35.0003833000313	1	1	7.42021243240411e-07
