Trait	X_ID	s2	ML_logLik	cage.ML	beta.1	beta.2	REML_logLik	cage.REML	F.1	n_steps	Df_X	p_value_REML
y	1_43293781	0.0405411019501456	8.37710369013115	0	1.00302250817704	-0.327068405898027	7.00954180001215	0	41.1358628780476	1	1	1.54358205337772e-07
y	1_43293787	0.0438671304837362	6.80012406911361	0	1.07239725557361	-0.350410232199161	5.51141116004548	0	35.1357408034958	1	1	7.1570648730569e-07
y	10_3255540	0.0443876473210114	6.56420579442902	0	0.278109911575855	0.396210405126984	5.28728879909512	0	34.2781061507849	1	1	9.00768533300885e-07
y	10_6420646	0.0428389266999645	7.27448630767225	0	1.12474359646292	-0.402088647992332	5.96205528667619	0	36.8911173083694	1	1	4.50905958744667e-07
