Trait	X_ID	s2	ML_logLik	cage.ML	beta.1	beta.2	REML_logLik	cage.REML	F.1	n_steps	Df_X	p_value_REML
y	1_41987245	0.043616134628075	6.91488729567641	0	0.831479654917121	-0.290170119675568	5.62043622528014	0	38.0501544619814	1	1	3.34413034445484e-07
y	1_42031168	0.0460848758902605	5.81373365159692	0	0.874550069678345	-0.269304001271972	4.57434026340462	0	33.9761898328273	1	1	9.77396088373418e-07
y	1_42839591	0.0456702380642972	5.9944933414142	0	1.1742212873529	-0.405067362832857	4.74606196873104	0	34.6296580900193	1	1	8.19449811417356e-07
y	2_170314476	0.0458718686908632	5.90638920670256	0	0.191959470367007	0.241549121965709	4.66236304075498	0	34.3104131173178	1	1	8.92952326923139e-07
y	2_170583793	0.0459022881875878	5.89313079109915	0	0.130547476876448	0.246420460619691	4.64976754593174	0	34.2624929272394	1	1	9.04571742055903e-07
y	2_170617767	0.0444682621973662	6.52791562581329	0	0.199180863163302	0.23953989325226	5.25281313891017	0	36.5928356898131	1	1	4.87339116664854e-07
y	2_170878051	0.0452721092108482	6.16960709592932	0	0.158824527089677	0.258064798184567	4.9124200355204	0	35.2683728087677	1	1	6.90874015126395e-07
y	2_171104417	0.0452131784388431	6.19565808471116	0	0.157445479153379	0.26157590195045	4.93716847486315	0	35.3638706685126	1	1	6.73557354407015e-07
y	2_171109438	0.0437797476254137	6.84000358982679	0	0.126944324414162	0.253272154639185	5.549296704723	0	37.7659409981199	1	1	3.59683416689479e-07
y	7_29506084	0.0452035103861579	6.19993519454462	0	1.38915226394961	-0.506978504535718	4.94123172920494	0	35.3795616128835	1	1	6.70756145442593e-07
y	9_68750520	0.0444162178757372	6.55133673489057	0	1.30348919680001	-0.466075458300006	5.27506319253359	0	36.6802392040602	1	1	4.76352548083012e-07
y	9_69129518	0.045784033926253	5.94472161694132	0	0.845768418594804	-0.284868156713721	4.69877883048181	0	34.4491376369891	1	1	8.60193483588199e-07
y	15_3599235	0.0455435650040341	6.05004332943658	0	0.206222780275001	0.281634364499999	4.7988344573523	0	34.8316673322752	1	1	7.76256363570753e-07
y	15_3628694	0.0446184471106407	6.46048242204255	0	0.203119301725	0.28473784305	5.18875159532798	0	36.3417575083788	1	1	5.2041051977334e-07
y	17_88356194	0.0443833341413189	6.56614930327607	0	1.06235694095921	-0.373424867519737	5.28913513249982	0	36.7355699988226	1	1	4.69532663895914e-07
y	19_26372029	0.0421757079960578	7.58654183132957	0	0.266479176504174	0.326241216399112	6.25850803415064	0	40.6474948045854	1	1	1.7408061404765e-07
